company_name,company_website,contact_email,contact_phone,contact_place_street,contact_place_city,contact_place_state,contact_place_country,contact_place_postal_code,social_links,description
brennandenergia.com.br,https://www.brennandenergia.com.br/,,+558121377000 | +551138113190,"Av. Engenheiro Domingos Ferreira, 2589, 8º andar",Recife,PE,Brasil,51.020-031,https://api.whatsapp.com/send?phone=558121377000,
intercityhoteis.com.br,https://www.intercityhoteis.com.br/,reservas@intercityhoteis.com.br | reservas.7desetembro@intercityhoteis.com.br | reservas.bauru@intercityhoteis.com.br | reservas.berrini@intercityhoteis.com.br | reservas.cg@intercityhoteis.com.br | reservas.citymix@cirne.com.br | reservas.canoas@intercityhoteis.com.br | reservas.cb@intercityhoteis.com.br | reservas.curitiba@intercityhoteis.com.br | reservas.ibp@intercityhoteis.com.br | reservas.itupeva@intercityhoteis.com.br | reservas.maceio@intercityhoteis.com.br | reservas.nacoes@intercityhoteis.com.br | reservas.patiopinda@intercityhoteis.com.br | reservas.paulista@intercityhoteis.com.br | reservas.portomaravilha@intercityhoteis.com.br | reservas.ribeirao@intercityhoteis.com.br | reservas.saoleopoldo@intercityhoteis.com.br | reservas.gravatai@intercityhoteis.com.br | reservas.tatuape@intercityhoteis.com.br | reservas.vinhedo@intercityhoteis.com.br | reservas@yoo2rio.com.br | comercial@hotelbavaria.com | reservas.aeropoa@intercityhoteis.com.br,+551131654111 | +555432861362 | +558530891400 | +555133257700 | +556237016000 | +551138556300 | +551432015900 | +551138784500 | +553133075800 | +558330779900 | +555125005060 | +555430261000 | +555133032400 | +556530259900 | +554134348000 | +554134113001 | +554830272200 | +551135777100 | +551126273200 | +551142901040 | +556132048600 | +558233120040 | +559233031330 | +553821019700 | +551151896555 | +551221263000 | +551131236200 | +552131951385 | +554831125200 | +555130229100 | +551635144100 | +557130387200 | +557133112700 | +555131035040 | +555135334800 | +558130592020 | +551135468000 | +552127414000 | +551132986600 | +551938566000 | +551721367400 | +555130189500 | +555432957200 | +554835125800 | +552134452000 | +554721018500 | +555130257700 | +551131654119 | +551131654111 | +554121112000 | +443002107700 | +551151986936,"Rua Amauri, 513",São Paulo,SP,Brazil,01448-000,https://facebook.com/intercityhotels | http://instagram.com/intercity.hotels | https://www.linkedin.com/company/intercity-hot-is/ | https://wa.me/555132017700,
telediu.com.br,https://telediu.com.br,,+553132222107,"Rua dos Aimorés, 487 - Funcionários",Belo Horizonte,MG,BR,30140-070,https://www.facebook.com/telediuginecenter/ | https://instagram.com/telediubr | https://wa.me/553132222107,
franquias.ultraacademia.com.br,https://franquias.ultraacademia.com.br/,marketing@ultraacademia.com.br,+5511989351233,,,,Brazil,,https://www.linkedin.com/company/grupo-ultra-academias/ | https://www.instagram.com/ultra_academias | https://www.facebook.com/ultra.academias | https://www.youtube.com/channel/UCh2YMdhWe2dWtAslvzYDWcg | https://wa.me/5511989351233,
ecoberrini.com.br,https://ecoberrini.com.br/,sindico@ecoberrini.com.br,,"Av. Engenheiro Luiz Carlos Berrini, 1376",São Paulo,SP,Brazil,04571-936,,
globalfarma.com.br,https://www.globalfarma.com.br,sac@globalfarma.com.br,+551120904777 | +5511915504777,"Rua Diamante Preto, 413",São Paulo,SP,BR,03317-040,https://www.facebook.com/globalfarmamedicamentos/ | https://www.linkedin.com/in/global-farma-b084b0231/ | https://api.whatsapp.com/message/J73X6HE2JRZFD1?autoload=1&app_absent=0 | https://wa.me//5511915504777,
queixaescolargiqe.com,https://www.queixaescolargiqe.com/,queixaescolar.giqe@gmail.com,,,,,,,,"O Grupo Interinstitucional Queixa Escolar (GIQE) é formado por psicólogos que discutem e desenvolvem ações sobre as queixas escolares. O grupo promove encontros, publicações e eventos para a divulgação de novas práticas de atendimento psicológico, com foco na educação inclusiva e na análise crítica dos processos escolares e sociais. O GIQE colabora com o Sistema Conselhos de Psicologia e outras entidades."
ultraacademia.com.br,https://ultraacademia.com.br/,marketing@ultraacademia.com.br,+5511989351233,,,,BR,,https://www.facebook.com/ultra.academias | https://www.instagram.com/ultra_academias | https://www.youtube.com/channel/UCh2YMdhWe2dWtAslvzYDWcg | https://www.linkedin.com/company/grupo-ultra-academias | https://wa.me/5511989351233,
spxcapital.com,https://www.spxcapital.com,ri@spxcapital.com | ri.real.estate@spxcapital.com | ri.private.equity@spxcapital.com | privacidade@spxcapital.com,+442039110640 | +551135087500 | +552132031550 | +12123865810 | +351211452180 | +6567151864 | +551125037525 | +5521991189393,"1 New Burlington Place, 4th Floor",London,,United Kingdom,W1S 2HR,https://www.linkedin.com/company/spx-capital/ | https://www.youtube.com/channel/UC-b_1h6ki5zqn8v5d6aBbmg/featured | https://www.instagram.com/spxcapital/ | https://spe.tbe.taleo.net/spe01/ats/careers/v2/jobSearch?org=U2K2Y2&cws=44 | https://relatoconfidencial.com.br/spxcapital/ | https://unitri.com.br | https://www.agorainvestimentos.com.br/ | https://www.ativainvestimentos.com.br/ | https://www.bb.com.br/site/ | https://www.btgpactual.com/ | https://www.c6bank.com.br/ | https://www.daycoval.com.br/ | https://eqiasset.com.br/ | https://www.genialinvestimentos.com.br/ | https://inter.co/ | https://www.itau.com.br/ | https://ion.itau/ | https://corretora.miraeasset.com.br/ | https://nubank.com.br/ | https://www.rbinvestimentos.com/ | https://www.terrainvestimentos.com.br/ | https://www.toroinvestimentos.com.br/ | https://warren.com.br/ | https://www.xpi.com.br/ | https://www.institutoorizon.org/ | https://ambikira.org.br/,
carpafamilyoffice.com,https://carpafamilyoffice.com/,contato@carpafamilyoffice.com,+551156332766 | +552125252766,"Av. Brigadeiro Faria Lima, 4300, 3º andar, Cj. 31",São Paulo,SP,Brazil,04538-132,https://www.linkedin.com/company/carpa-familyoffice/ | https://www.instagram.com/carpafamilyoffice/ | https://api.whatsapp.com/send/?phone=551156332764&text=Ol%C3%A1.+Desejo+mais+informa%C3%A7%C3%B5es&app_absent=0,
otmow.com,https://otmow.com/pt-BR,mailsupport@otmow.com | support@otmow.com,+5511973106054,"Avenida Ibirapuera, 2033, CJ 203",São Paulo,SP,Brazil,04029-100,https://wa.me/+5511973106054,
mandatum.com.br,https://mandatum.com.br,mandatum@mandatum.com.br,+553132640070,"Alameda Oscar Niemeyer, 119, Sala 803",Nova Lima,MG,Brazil,,https://www.facebook.com/Guerra-2184044945026317 | https://www.instagram.com/mandatum_consultoria | https://www.linkedin.com/company/mandatum-consultoria | https://www.youtube.com/@mandatumconsultoria2936 | https://api.whatsapp.com/send?l=pt&phone=553132640070 | https://www.youtube.com/channel/UChRMRZ3_uqiHdajL-rzPSrw | https://sgcompliance.net/sg/mandatum/,
luizadias111.com.br,https://www.luizadias111.com.br,,+551130313175 | +551130883390 | +5511972160563 | +5511998801196 | +552122107100 | +551134739150 | +551130634596 | +551332343158 | +553147263215 | +551533185838 | +553125116061 | +553432144510,"Rua Mateus Grou, 509",São Paulo,SP,Brazil,,https://www.instagram.com/luizadias111_/ | https://www.tiktok.com/@luizadias111_ | https://br.pinterest.com/luizadias111/ | https://www.facebook.com/luizadias111 | https://wa.me/5511969012880 | https://www.instagram.com/111studio__/,
metro.sp.gov.br,https://www.metro.sp.gov.br,,+551131073794 | +551132917436 | +551132917437 | +558007707722,"Av. Dr. Eduardo Cotching, 1172",São Paulo,SP,Brazil,03356-000,https://www.flickr.com/governosp/ | https://www.linkedin.com/company/governosp/ | https://www.tiktok.com/@governosp | https://www.youtube.com/governosp/ | https://www.instagram.com/governosp/ | https://www.facebook.com/governosp/ | https://br.linkedin.com/company/metro-de-sao-paulo | https://www.tiktok.com/@metrosp | https://www.youtube.com/metrospoficial/ | https://www.x.com/metrosp_oficial/ | https://www.instagram.com/metrospoficial/ | https://www.facebook.com/metrosp/,
finsidersbrasil.com.br,https://finsidersbrasil.com.br,redacao@finsidersbrasil.com.br,+5511985545457,,,,Brazil,,https://www.instagram.com/finsidersbrasil_/ | https://www.linkedin.com/company/finsidersbrasil | https://www.youtube.com/c/FintechsBrasilnot%C3%ADciaseneg%C3%B3cios | https://api.whatsapp.com/send?text=https://finsidersbrasil.com.br/giro-noticias/srm-asset-lanca-venture-studio-focado-na-criacao-de-fintechs/%3Futm_source=whatsapp%26utm_medium=referral%26utm_campaign=share_alongisde%20-%20SRM%20Asset%20lan%C3%A7a%20Venture%20Studio%20focado%20na%20cria%C3%A7%C3%A3o%20de%20fintechs | https://www.whatsapp.com/channel/0029VaBQvpyADTOMvhjmER2n,
archdaily.com.br,https://www.archdaily.com.br,,,,,,Brazil,,https://www.facebook.com/ArchDailyBrasil | https://twitter.com/ArchDailyBR | https://www.flickr.com/groups/archdaily | https://instagram.com/archdailybr | https://vimeo.com/archdaily | https://www.youtube.com/user/archdaily,
abraceel.com.br,https://abraceel.com.br/,,+556132230081,SHS Quadra 06 Conjunto A Bloco C Sala 1707,Brasília,DF,Brazil,70322-915,https://www.facebook.com/Abraceel/?ref=br_rs | https://twitter.com/Abraceel1 | https://www.instagram.com/abraceel/ | https://br.linkedin.com/company/abraceel,
tadimneves.com.br,https://tadimneves.com.br/,juridico@tadimneves.com,+5511942397752 | +551120311000,"Av. Marquês de São Vicente, 1619 - Sala 2701",São Paulo,SP,Brazil,01139-0039,"https://www.facebook.com/tadimnevesadvocacia/ | https://br.linkedin.com/company/tadim-neves-advocacia | https://www.instagram.com/tadimnevesadvocacia/ | https://twitter.com/nevestadim | https://api.whatsapp.com/send/?phone=5511942397752&text=Ol%C3%A1%2C+eu+vim+atrav%C3%A9s+do+site+e+gostaria+de+mais+informa%C3%A7%C3%B5es.&type=phone_number&app_absent=0 | https://api.whatsapp.com/send/?phone=5511942397752&text=Ola%21+Vim+atrav%C3%A9s+do+site+Tadim+Neves+Advocacia%2C+e+gostaria+de+conversar+com+um+atendente...&type=phone_number&app_absent=0 | https://www.google.com/maps/place/Tadim+Neves+Advocacia/@-23.5199553,-46.6768191,15z/data=!4m2!3m1!1s0x0:0x64bd4525a93f100b?sa=X&ved=2ahUKEwiP6NHpqPH6AhUYI7kGHXtRDy8Q_BJ6BAhEEAU",
wellhub.com,https://wellhub.com/pt-br/search/partners/ultra-academia-guaruja-vila-santa-rosa-guaruja/,,,"Av. Ademar de Barros, 1585",Guarujá,SP,Brasil,11430-003,https://ultraacademia.com.br/index.php?ac=unidade&a1=19 | https://www.google.com/maps/search/Av.%20Ademar%20de%20Barros%2C%201585%20-%20Vila%20Santa%20Rosa%2C%20Guaruj%C3%A1%20-%20SP%2C%2011430-003%2C%20Brasil,
bluetree.com.br,https://www.bluetree.com.br/hotel/blue-tree-premium-faria-lima,reservas.farialima@bluetree.com.br,+551138967544,"Av. Brigadeiro Faria Lima, 3989",São Paulo,São Paulo,Brazil,04538-133,https://www.facebook.com/bluetreepremiumfarialima/ | https://www.instagram.com/bluetreefarialima/ | https://api.whatsapp.com/send/?phone=551138967544&text&app_absent=0,
imoveisfonsecabrokers.com.br,https://www.imoveisfonsecabrokers.com.br,contato@fonsecabrokers.com.br,+5511994926345,"Joaquim Eugenio de Lima, 547",São Paulo,SP,BR,01403-001,https://www.instagram.com/imoveisfonsecabrokers/reels/ | https://www.facebook.com/imoveisfonsecabrokers | https://www.youtube.com/channel/UCMq9loeYSl-zbPtrPFPTlfQ | https://www.linkedin.com/in/fonseca-brokers-075a4ba4/ | https://web.whatsapp.com/send?l=pt_br&phone=5511994926345,
jksquarecorporate.com.br,https://jksquarecorporate.com.br/,,+551130954300,"Rua Tenente Negrão, 100",São Paulo,São Paulo,Brazil,,,"O JK Square Corporate é um complexo de edifícios comerciais de alto padrão localizado em São Paulo, na região da Faria Lima. Ele oferece lajes corporativas para locação, projetadas para empresas que buscam espaços modernos e eficientes em uma localização privilegiada. O projeto inclui um boulevard com lojas, restaurantes e espaços que integram todo o complexo, com pré-certificação LEED GOLD."
cemahospital.com.br,https://www.cemahospital.com.br,dpo@cemahospital.com.br,+551126028000 | +551126024000,"Rua Padre Adelino, 333",São Paulo,SP,BR,,https://www.instagram.com/cemahospital/ | https://www.facebook.com/hospitalcema/ | https://br.linkedin.com/company/cema-hospital-especializado-ltda,
luxuryproperties.com.br,https://www.luxuryproperties.com.br/610/imoveis/venda-apartamento-4-quartos-alto-de-pinheiros-sao-paulo-sp,,+5511947285018 | +5511947285018 | +5511978519899,,São Paulo,SP,Brazil,,http://www.instagram.com/luxuryproperties_brazil/ | http://www.facebook.com/luxuryproperties1/?ref=hl,
vejasp.abril.com.br,https://vejasp.abril.com.br,,+551135849200 | +551131925586 | +5531992388180,"Avenida Alcides Sangirardi, s/n – Espaço C",São Paulo,SP,BR,05672-015,https://facebook.com/vejasp | https://x.com/vejasp | https://instagram.com/vejasp | https://youtube.com/vejasp | https://institutoveja.com.br/ | https://api.whatsapp.com/send?phone=551135849200 | https://api.whatsapp.com/send?phone=551131925586&text=Oi | https://api.whatsapp.com/send?phone=5531992388180&text=Oi,
waze.com,https://www.waze.com/,privacy@waze.com | support@waze.com | copyright@linqmap.com,,,,,,,https://www.facebook.com/Waze | https://twitter.com/waze | https://www.youtube.com/waze | https://instagram.com/waze | https://developers.google.com/waze,
institucional.convexbrasil.com.br,https://institucional.convexbrasil.com.br/,site@convexbrasil.com.br | dmkt@convexbrasil.com.br,+551733348444,"Rua Coronel Spínola de Castro, 3696",São José do Rio Preto,SP,Brazil,15015-500,"https://wa.me/5517992731985?text=Olá, tenho uma dúvida... | https://franquiaconvex.com.br/?utm_source=botao-site&utm_medium=Referral&utm_campaign=site-principal | https://revendedoradejoias.com.br/",
capitalfundos.com.br,https://capitalfundos.com.br,,+552135092150 | +551130957070 | +552135092150,"Av. Ataulfo de Paiva, 204/901",Rio de Janeiro,RJ,Brazil,,,
moovitapp.com,https://moovitapp.com/index/pt-br/transporte_p%C3%BAblico-Instituto_Paulista_De_higiene_Medicina_forense_e_do_Trabalho_Ltda-Sao_Paulo-site_25327521-242,,,,Sao Paulo,São Paulo,Brazil,,,
ge.globo.com,https://ge.globo.com/pr/futebol/times/parana-clube,,,,Curitiba,PR,Brasil,,https://twitter.com/parana_ge | https://www.facebook.com/globoesporteparana,
instaagro.com,https://www.instaagro.com,sac@instaagro.com,+558008824000 | +5511937502245 | +5511950258301 | +5511933317979,"Avenida Adolfo Pinheiro, 1029, CJ 116","Santo Amaro, São Paulo",Estado de São Paulo,Brasil,04733-100,https://www.facebook.com/instaagrobrasil/ | https://www.instagram.com/instaagrobr/ | https://www.linkedin.com/company/instaagro/ | https://api.whatsapp.com/send?phone=5511937502245&text=Ol%C3%A1! | https://api.whatsapp.com/send?phone=5511937502245,
google.com,https://www.google.com/search?num=12,,,,,,,,,"O Google é uma empresa de tecnologia que oferece uma ampla gama de produtos e serviços, incluindo mecanismos de busca, e-mail, mapas, armazenamento em nuvem e ferramentas de produtividade. Com presença global, o Google facilita o acesso à informação, conecta pessoas e empresas e impulsiona a inovação digital."
medsenior.com.br,https://medsenior.com.br,imprensa@medsenior.com.br,+5540072001 | +558000800551 | +558006055505 | +5540001717,"Avenida Paulista, 2006 - 15º andar",São Paulo,SP,BR,,https://www.linkedin.com/company/medseniorbrasil | https://www.instagram.com/medseniorbrasil/ | https://www.facebook.com/medseniorbrasil/ | https://www.youtube.com/c/MedS%C3%AAniorBrasil | https://api.whatsapp.com/send?phone=558008405505&text=Ol%C3%A1!,
multilaser.com.br,https://www.multilaser.com.br,,,,,,Brazil,,https://www.instagram.com/multi_br/ | https://www.facebook.com/Multi/ | https://www.youtube.com/user/OficialMultilaser | https://twitter.com/Multilaser_BR | https://www.linkedin.com/company/grupo_multi/,
drconsulta.com,https://drconsulta.com,atendimento@drconsulta.com | assessoriaimprensa@drconsulta.com | suprimento@drconsulta.com | comercial@drconsulta.com | privacidade@drconsulta.com,+551140901510,"Av. das Nações Unidas, 12995 - 8° andar",São Paulo,SP,Brazil,04578-911,https://www.facebook.com/doutorconsulta | https://www.instagram.com/drconsulta/ | https://www.youtube.com/user/DrConsulta | https://www.linkedin.com/company/drconsulta | https://www.tiktok.com/@dr.consulta | https://twitter.com/drconsulta | https://api.whatsapp.com/send/?phone=551141181339&text=Ol%C3%A1+dr.consulta%2C+gostaria+de+saber+mais+informa%C3%A7%C3%B5es.&amp,
realestate.patria.com,https://realestate.patria.com,RI.RE@patria.com | Locacao.RE@patria.com,,"Av. Engenheiro Luiz Carlos Berrini, 105",São Paulo,SP,Brazil,,https://www.instagram.com/patriainvestments/ | https://www.linkedin.com/company/patriainvestments-brasil | http://www.youtube.com/@patriainvestments | https://www.facebook.com/share/1XSSNkwY4P/? | https://open.spotify.com/show/3yK6u08nUm9X1u51BjvpuM?si=c035557f79f24a85 | https://deezer.page.link/4H4YsVNpnChagHQn9 | https://podcasts.apple.com/us/podcast/patria-investimentos/id1596976339,
br.pinterest.com,https://br.pinterest.com,,,,,,Brazil,,,
exeltis.com.br,https://exeltis.com.br/,sac@exeltis.com | dataprotection@insudpharma.com,+558006075556,"Rua Helena, 260, 4º Andar, Conjuntos 42 e 44",São Paulo,SP,Brazil,04552-050,https://entreelas.com.br/,
doctoralia.com.br,https://www.doctoralia.com.br,,,Rua Afonso Bráz 579 Conj 12,São Paulo,São Paulo,Brazil,,https://www.facebook.com/doctoralia.br/ | https://www.instagram.com/doctoralia_br/ | https://www.linkedin.com/company/doctoralia-brasil/,
institutomedicopaulista.com.br,https://www.institutomedicopaulista.com.br/,contato@institutomedicopaulista.com.br,+551151816867,"R. JOAQUIM GUARANI, 360",São Paulo,SP,Brazil,04707-061,https://api.whatsapp.com/send?phone=551151816867 | https://instagram.com/institutomedicopaulista | https://facebook.com/institutomedicopaulista,
valor.globo.com,https://valor.globo.com,,,,,,Brazil,,,
carpacambio.com.br,https://carpacambio.com.br/,,,,,,Brazil,,,"A Carpa Soluções Financeiras é especializada em transações internacionais, oferecendo soluções em câmbio para importação, exportação, turismo e frete. A empresa fornece suporte completo, incluindo análise de impostos e taxas, conversão de moedas e cartões pré-pagos. Parceira do Grupo China Link e da Canton Fair, a Carpa facilita operações cambiais com eficiência e segurança."
papelariapinheiro.com.br,https://www.papelariapinheiro.com.br,atendimento@papelariapinheiro.com.br,+553438231314,"Avenida Fátima Porto , 2881",Patos de Minas,MG,BR,38705-184,https://api.whatsapp.com/send?phone=553438231314 | https://www.instagram.com/_papelariapinheiro,
www8.careplus.com.br,https://www8.careplus.com.br/portal/portal/modulos/rede/pesquisaRedeCP.aspx,,+558000132992 | +558007717750 | +558004079000,,,,Brazil,,https://br.linkedin.com/company/care-plus | https://www.instagram.com/careplusoficial/ | https://www.facebook.com/careplusnarede/ | https://www.youtube.com/user/careplusnarede | https://www.onetrust.com/products/cookie-consent/,
materiais.ultraacademia.com.br,https://materiais.ultraacademia.com.br/ultra,,,,,,Brazil,,,"A Ultra Academia é uma rede de academias que visa oferecer uma experiência de fitness inovadora. Com foco em transformar a vida das pessoas através do esporte, a Ultra oferece diversas modalidades de treino, incluindo aulas coletivas e studios especializados, com o objetivo de atender às necessidades de um público diversificado. A empresa se destaca por seu modelo de franquia e por estar ativamente investindo no mercado fitness brasileiro."
mapma.com.br,https://mapma.com.br,,+552121021312 | +558000251312,,,,Brazil,,https://api.whatsapp.com/send?phone=552122164800 | https://wa.me/2122164800,
ludemann.com.br,https://ludemann.com.br/,projetos@ludemann.com.br,+551151825043,,São Paulo,São Paulo,Brazil,,,
gndi.com.br,https://www.gndi.com.br,,,,,,Brazil,,,
blog.fbfe.com.br,https://blog.fbfe.com.br,,+551123858012,,São Paulo,SP,Brazil,,https://www.linkedin.com/company/f%C3%B3rum-brasileiro-da-fam%C3%ADlia-empres%C3%A1ria---fbfe | https://www.youtube.com/channel/UC_wYp3NY4DbrBuozd4wKJBQ | https://www.twitter.com/FBFE_ | https://www.facebook.com/forumbrasileirofamiliaempresaria | https://www.instagram.com/fbfe_oficial/,
loft.com.br,https://loft.com.br/,meajuda@loft.com.br | imprensa@loft.com.br,+5540202208,"Rua Tabapuã, 743",São Paulo,SP,Brazil,04533-012,https://www.instagram.com/loft_br/,
bloomberglinea.com,https://www.bloomberglinea.com,ads@bloomberglinea.com | summit@bloomberglinea.com | support@bloomberglinea.com,,,,,,,https://www.facebook.com/BloombergLineaBrasil | https://twitter.com/BloombergLineaB | https://www.youtube.com/channel/UCBc9G2aqKQDaMZbeeqgNpSA | https://www.instagram.com/bloomberglineabrasil/ | https://www.linkedin.com/company/bloomberglínea | https://www.tiktok.com/@bloomberglineabrasil | https://open.spotify.com/show/1JhleHHeSjIwtnEOi2Scd5,
youinc.com.br,https://www.youinc.com.br,,+551130740788 | +551131819019 | +551131997900 | +551147800000,"Av. Pres. Juscelino Kubitschek, 360",São Paulo,SP,BR,04543-000,https://www.facebook.com/youincorporadora | https://instagram.com/youinc | https://www.linkedin.com/company/you-inc-incorporadora?trk=biz-companies-cym | https://www.youtube.com/user/youincorporadora | https://br.pinterest.com/youincincorporadora/_created/ | https://www.tiktok.com/@youinc_ | https://api.whatsapp.com/send?phone=551130740788,
careplusclinic.com.br,https://www.careplusclinic.com.br/,,+558004071686 | +552138045875,"Alameda Araguaia, 871",Barueri,São Paulo,Brazil,,https://www.instagram.com/careplus_clinic/ | https://www.facebook.com/careplusclinicoficial/ | https://www.youtube.com/user/careplusnarede,
lopes.com.br,https://www.lopes.com.br,,,,São Paulo,,Brazil,,https://www.facebook.com/imobiliaria.lopes | https://www.twitter.com/Lopes_Imoveis | https://www.instagram.com/lopesimoveis/ | https://www.linkedin.com/company/lopes-consultoria-de-imoveis | https://www.youtube.com/user/lopesconsultoria,
metroquadrado.com,https://metroquadrado.com/,comercial@metroquadrado.com,,,,,Brazil,,https://www.facebook.com/metroquadradonews/ | https://twitter.com/metroquadrado_ | https://www.linkedin.com/company/metroquadrado/ | https://www.instagram.com/metroquadrado/,
participemais.prefeitura.sp.gov.br,https://participemais.prefeitura.sp.gov.br,participemais@prefeitura.sp.gov.br,+551131139499 | +551131138525,"Viaduto do Chá, 15",São Paulo,SP,Brazil,01002-020,https://www.facebook.com/participemais/ | https://www.instagram.com/participemais | https://www.linkedin.com/company/cidade-de-sao-paulo/ | https://www.tiktok.com/@prefsp | https://www.youtube.com/prefeiturasaopaulo | https://twitter.com/prefsp | https://www.youtube.com/c/govabertocidadesp | https://m.facebook.com/GovernoAbertoCidadeSP/ | https://twitter.com/govabertoprefsp | https://www.instagram.com/govabertocidadesp/ | http://codigoaberto.prefeitura.sp.gov.br/casacivil/participemais.git,
siila.com.br,https://www.siila.com.br,contato@siila.com.br,+551130469595,"Rua Gomes de Carvalho, 1069, cj. 22",São Paulo,SP,Brasil,04547-004,https://www.linkedin.com/company/siila-br | https://www.youtube.com/c/SiiLABR | https://web.facebook.com/SiiLA.BR/ | https://www.instagram.com/siila.br | https://twitter.com/SiiLA_br | https://www.tiktok.com/@siilaspot.br,
homolog.cury.net,https://homolog.cury.net,,+5521999923476 | +5511943136101,"Rua Candomba, 01",São Paulo,SP,Brazil,,https://www.facebook.com/CuryConstrutora?fref=ts | https://www.instagram.com/curyconstrutora/ | https://twitter.com/curyconstrutora | https://www.youtube.com/user/curyconstrutora | https://www.linkedin.com/company/cury-construtora/ | https://br.pinterest.com/curyconstrutoranet/ | https://www.tiktok.com/@curyconstrutora | http://www.relacionamentocury.com.br/ | https://api.whatsapp.com/send?phone=5521999923476&text=Olá! Tenho interesse em saber mais sobre o imóvel Cury Cidade Jaguaré - Vila Pinheiros. | https://api.whatsapp.com/send?phone=5521999923476&text=Olá! Tenho interesse em saber mais sobre a Cury Construtora SP | https://api.whatsapp.com/send?phone=5521999923476&text=Olá! Tenho interesse em saber mais sobre o imóvel Cury Flow Barra Funda 2. | https://api.whatsapp.com/send?phone=5521999923476&text=Olá! Tenho interesse em saber mais sobre o imóvel Cury Flow Barra Funda. | https://api.whatsapp.com/send?phone=5521999923476&text=Olá! Tenho interesse em saber mais sobre o imóvel Cury Jardim. | https://api.whatsapp.com/send?phone=5521999923476&text=Olá! Tenho interesse em saber mais sobre o imóvel Cury Mérito Vila Maria. | https://api.whatsapp.com/send?phone=5521999923476&text=Olá! Tenho interesse em saber mais sobre o imóvel Cury Cidade Mooca. | https://api.whatsapp.com/send?phone=5521999923476&text=Olá! Tenho interesse em saber mais sobre o imóvel Cury Cidade Mooca Vila Palermo. | https://api.whatsapp.com/send?phone=5521999923476&text=Olá! Tenho interesse em saber mais sobre o imóvel Square Panamby Itapaiuna. | https://api.whatsapp.com/send?phone=5521999923476&text=Olá! Tenho interesse em saber mais sobre o imóvel Cury Dez Bom Retiro. | https://api.whatsapp.com/send?phone=5511943136101&text=Olá! Tenho interesse em saber mais sobre a Cury Construtora SP,
hospitaligesp.com.br,https://hospitaligesp.com.br,,+551131476200 | +551340420999,"Rua Alferes Magalhães, 315",São Paulo,SP,Brazil,,https://www.youtube.com/@hospital_igesp | https://www.facebook.com/hospitaligesp | https://www.linkedin.com/company/hospital-igesp-oficial | https://www.instagram.com/hospital_igesp/,
planosmedsenior.com.br,https://planosmedsenior.com.br,,+551132567276,"Avenida Brasil, 376",São Paulo,São Paulo,Brazil,,https://api.whatsapp.com/send?phone=5511978252970&text=QueroinformaessobreoplanoMedseniorSaúde | https://api.whatsapp.com/send?phone=5511978252970&text=Quero%20informa%C3%A7%C3%B5es%20sobre%20o%20plano%20Medsenior%20Sa%C3%BAde | https://www.facebook.com/sharer.php?u=https://planosmedsenior.com.br/medicina-preventiva/ | https://twitter.com/share?url=https://planosmedsenior.com.br/medicina-preventiva/ | https://pinterest.com/pin/create/button/?url=https://planosmedsenior.com.br/medicina-preventiva/&media=https://planosmedsenior.com.br/wp-content/uploads/2023/11/foto-medico-medicina-preventiva-medsenior-1024x683.jpg | https://www.linkedin.com/shareArticle?mini=true&url=https://planosmedsenior.com.br/medicina-preventiva/&title=Medicina%20Preventiva | https://www.facebook.com/sharer.php?u=https://planosmedsenior.com.br/nova-unidade-medsenior-avenida-brasil-em-sao-paulo/ | https://twitter.com/share?url=https://planosmedsenior.com.br/nova-unidade-medsenior-avenida-brasil-em-sao-paulo/ | https://pinterest.com/pin/create/button/?url=https://planosmedsenior.com.br/nova-unidade-medsenior-avenida-brasil-em-sao-paulo/&media=https://planosmedsenior.com.br/wp-content/uploads/2023/12/Nova-Unidade-MedSenior-Avenida-Brasil-Sao-Paulo.jpg | https://www.linkedin.com/shareArticle?mini=true&url=https://planosmedsenior.com.br/nova-unidade-medsenior-avenida-brasil-em-sao-paulo/&title=Nova%20Unidade%20MedS%C3%AAnior%20Avenida%20Brasil%20em%20S%C3%A3o%20Paulo | https://www.facebook.com/sharer.php?u=https://planosmedsenior.com.br/plano-de-saude-para-terceira-idade/ | https://twitter.com/share?url=https://planosmedsenior.com.br/plano-de-saude-para-terceira-idade/ | https://pinterest.com/pin/create/button/?url=https://planosmedsenior.com.br/plano-de-saude-para-terceira-idade/&media=https://planosmedsenior.com.br/wp-content/uploads/2023/11/Plano-de-Saude-para-terceira-idade.jpg | https://www.linkedin.com/shareArticle?mini=true&url=https://planosmedsenior.com.br/plano-de-saude-para-terceira-idade/&title=Plano%20de%20Sa%C3%BAde%20para%20terceira%20idade,
multilaserempresas.com.br,https://www.multilaserempresas.com.br/,,,,,,Brazil,,,"A Loja Multilaser Empresas Oficial oferece uma ampla variedade de produtos em diversas categorias como smartphones, informática, drones, saúde, brinquedos, automotivos e esportes, buscando atender às necessidades de consumidores, revendedores e empresas com soluções tecnológicas e de lazer."
cury.net,https://cury.net,adefinir@cury.net | cury@maquinacohnwolfe.com | rhcuryvendas@cury.net,+551131171300 | +552135436887 | +551131171313 | +552135543350 | +558003149696,,,,,,https://www.facebook.com/CuryConstrutora?fref=ts | https://www.instagram.com/curyconstrutora/ | https://twitter.com/curyconstrutora | https://www.youtube.com/user/curyconstrutora | https://www.linkedin.com/company/cury-construtora/ | https://br.pinterest.com/curyconstrutoranet/ | https://www.tiktok.com/@curyconstrutora | https://open.spotify.com/user/7ibqq6hybxooqerqc8ywnhqe9?si=5WTqJRxfRo6-3RoYe20vYA&nd=1 | https://api.whatsapp.com/send?phone=5511943136101&text=Olá! Tenho interesse em saber mais sobre a Cury Construtora SP | https://cury.gupy.io/,
srmasset.com,https://www.srmasset.com/,srm@srmasset.com | dpo@srmasset.com,+551133342100 | +558008781005 | +5511991536872,"Alameda Cleveland, 509",São Paulo,SP,Brazil,,https://www.linkedin.com/company/srmasset | https://www.facebook.com/SRMASSET/ | https://www.instagram.com/srmasset/,
even.com.br,https://www.even.com.br,sac@even.com.br | dpo@even.com.br | lgpd@even.com.br | construacomaeven@even.com.br | even@nectarc.com.br,+5511981348441 | +5511976772967 | +558005913457,"Rua Hungria, 1.400 - 2° andar",São Paulo,SP,Brazil,01455-000,https://www.instagram.com/evenconstrutora/ | http://www.facebook.com/evenconstrutora | https://pt.linkedin.com/company/even | http://www.youtube.com/evenconstrutora,
convexbrasil.com.br,https://www.convexbrasil.com.br/,site@convexbrasil.com.br | dmkt@convexbrasil.com.br,+551733348444,"Rua Coronel Spínola de Castro, 3696",São José do Rio Preto,SP,Brasil,15015-500,,
aamincorporadora.com.br,https://aamincorporadora.com.br/,relacionamento@aamincorporadora.com.br,+551150548333 | +551141187711 | +551150548300,"Av. Ibirapuera 2332, 12º andar Conj. 122 - Torre II",São Paulo,SP,BR,,https://www.facebook.com/aamincorporadora | https://www.instagram.com/aam_incorporadora/ | https://www.linkedin.com/company/aam-incorporadora/ | https://www.youtube.com/channel/UC8tzZHcJgR-N61zSlyvpiCw,
gov.br,https://www.gov.br/gestao/pt-br/assuntos/inovacao-governamental/quem-somos,,,,Brasília,DF,Brazil,,http://instagram.com/gestaogovbr | http://linkedin.com/company/gestaogovbr | http://youtube.com.br/@gestaogov_br | https://www.flickr.com/photos/gestaogovbr/ | https://bsky.app/profile/gestaogovbr.bsky.social | https://www.twitter.com/gestaogovbr,
